{"cameraMode":{"drawMode":0,"name":"Shaded","section":"Shading Mode"},"sceneLighting":false,"audioPlay":false,"sceneViewState":{"m_AlwaysRefresh":false,"showFog":true,"showSkybox":false,"showFlares":true,"showImageEffects":true,"showParticleSystems":true,"showVisualEffectGraphs":true,"m_FxEnabled":false},"in2DMode":false,"pivot":{"x":-0.14143991470336915,"y":0.32385188341140749,"z":-0.2178645133972168},"rotation":{"x":0.11539424955844879,"y":-0.27518320083618166,"z":0.03302126005291939,"w":0.9539648294448853},"size":1.4210504293441773,"orthographic":false}